name,shape,dtype
amos_7014_0000,"(100, 192, 192)",uint8
amos_7017_0000,"(72, 290, 320)",uint16
amos_7018_0000,"(72, 290, 320)",uint16
amos_7029_0000,"(24, 192, 192)",uint8
amos_7030_0000,"(24, 176, 176)",uint8
amos_7031_0000,"(24, 176, 176)",uint8
amos_7032_0000,"(24, 192, 192)",uint8
amos_7033_0000,"(24, 288, 288)",uint8
amos_7034_0000,"(100, 192, 192)",uint8
amos_7035_0000,"(28, 250, 320)",uint16
amos_7036_0000,"(24, 320, 270)",uint16
amos_7038_0000,"(24, 352, 352)",uint8
amos_7039_0000,"(24, 576, 576)",uint8
amos_7040_0000,"(24, 576, 576)",uint8
amos_7041_0000,"(18, 576, 576)",uint8
amos_7042_0000,"(24, 176, 176)",uint8
amos_7043_0000,"(24, 176, 176)",uint8
amos_7044_0000,"(26, 320, 320)",uint16
amos_7045_0000,"(28, 320, 320)",uint16
amos_7048_0000,"(25, 192, 192)",uint8
amos_7049_0000,"(24, 224, 224)",uint8
amos_7051_0000,"(24, 256, 256)",uint8
amos_7052_0000,"(24, 320, 320)",uint8
amos_7053_0000,"(24, 256, 256)",uint8
amos_7054_0000,"(24, 320, 320)",uint8
amos_7055_0000,"(100, 176, 176)",uint8
amos_7057_0000,"(24, 256, 256)",uint8
amos_7058_0000,"(24, 288, 288)",uint8
amos_7059_0000,"(24, 336, 336)",uint8
amos_7060_0000,"(24, 256, 256)",uint8
amos_7062_0000,"(24, 256, 256)",uint8
amos_7063_0000,"(24, 320, 320)",uint8
amos_7064_0000,"(18, 224, 224)",uint8
amos_7065_0000,"(80, 192, 192)",uint8
amos_7067_0000,"(80, 192, 192)",uint8
amos_7068_0000,"(24, 256, 256)",uint8
amos_7070_0000,"(24, 224, 224)",uint8
amos_7071_0000,"(24, 320, 320)",uint8
amos_7072_0000,"(24, 256, 256)",uint8
amos_7075_0000,"(30, 294, 448)",uint16
amos_7077_0000,"(24, 256, 256)",uint8
amos_7078_0000,"(24, 256, 256)",uint8
amos_7079_0000,"(25, 224, 224)",uint8
amos_7080_0000,"(24, 320, 320)",uint8
amos_7082_0000,"(24, 176, 176)",uint8
amos_7083_0000,"(24, 336, 336)",uint8
amos_7085_0000,"(24, 384, 384)",uint8
amos_7086_0000,"(24, 256, 256)",uint8
amos_7087_0000,"(27, 384, 384)",uint8
amos_7088_0000,"(27, 256, 256)",uint8
amos_7092_0000,"(24, 240, 240)",uint8
amos_7093_0000,"(24, 352, 352)",uint8
amos_7096_0000,"(24, 192, 192)",uint8
amos_7098_0000,"(24, 256, 256)",uint8
amos_7099_0000,"(24, 192, 192)",uint8
amos_7101_0000,"(24, 336, 336)",uint8
amos_7102_0000,"(24, 240, 240)",uint8
amos_7104_0000,"(24, 352, 352)",uint8
amos_7105_0000,"(100, 176, 176)",uint8
amos_7106_0000,"(100, 176, 176)",uint8
amos_7112_0000,"(28, 320, 320)",uint16
amos_7114_0000,"(25, 224, 224)",uint8
amos_7115_0000,"(24, 256, 256)",uint8
amos_7117_0000,"(25, 224, 224)",uint8
amos_7118_0000,"(24, 256, 256)",uint8
amos_7119_0000,"(24, 320, 320)",uint8
amos_7121_0000,"(26, 256, 256)",uint8
amos_7122_0000,"(26, 256, 256)",uint8
amos_7123_0000,"(26, 384, 384)",uint8
amos_7125_0000,"(25, 224, 224)",uint8
amos_7126_0000,"(24, 384, 384)",uint8
amos_7128_0000,"(24, 256, 256)",uint8
amos_7129_0000,"(24, 256, 256)",uint8
amos_7130_0000,"(26, 384, 384)",uint8
amos_7134_0000,"(25, 224, 224)",uint8
amos_7135_0000,"(24, 256, 256)",uint8
amos_7136_0000,"(24, 256, 256)",uint8
amos_7137_0000,"(24, 256, 256)",uint8
amos_7138_0000,"(24, 384, 384)",uint8
amos_7139_0000,"(24, 250, 320)",uint16
amos_7140_0000,"(24, 250, 320)",uint16
amos_7141_0000,"(25, 224, 224)",uint8
amos_7142_0000,"(24, 256, 256)",uint8
amos_7143_0000,"(24, 288, 288)",uint8
amos_7144_0000,"(25, 240, 240)",uint8
amos_7146_0000,"(24, 256, 256)",uint8
amos_7148_0000,"(25, 224, 224)",uint8
amos_7150_0000,"(24, 224, 224)",uint8
amos_7151_0000,"(72, 290, 320)",uint16
amos_7152_0000,"(23, 320, 320)",uint16
amos_7153_0000,"(18, 320, 320)",uint16
amos_7154_0000,"(24, 320, 320)",uint16
amos_7155_0000,"(25, 176, 176)",uint8
amos_7156_0000,"(24, 240, 240)",uint8
amos_7158_0000,"(24, 256, 256)",uint8
amos_7159_0000,"(100, 192, 192)",uint8
amos_7160_0000,"(24, 576, 576)",uint8
amos_7161_0000,"(24, 320, 320)",uint16
amos_7162_0000,"(24, 250, 320)",uint16
amos_7163_0000,"(24, 250, 320)",uint16
amos_7165_0000,"(64, 290, 320)",uint16
amos_7166_0000,"(24, 320, 320)",uint16
amos_7168_0000,"(24, 576, 576)",uint8
amos_7169_0000,"(18, 576, 576)",uint8
amos_7170_0000,"(24, 256, 256)",uint8
amos_7172_0000,"(24, 256, 256)",uint8
amos_7173_0000,"(35, 250, 320)",uint16
amos_7174_0000,"(27, 256, 256)",uint16
amos_7175_0000,"(72, 290, 320)",uint16
amos_7176_0000,"(72, 290, 320)",uint16
amos_7177_0000,"(72, 290, 320)",uint16
amos_7178_0000,"(72, 290, 320)",uint16
amos_7179_0000,"(72, 290, 320)",uint16
amos_7180_0000,"(72, 290, 320)",uint16
amos_7181_0000,"(72, 290, 320)",uint16
amos_7182_0000,"(72, 290, 320)",uint16
amos_7199_0000,"(24, 640, 640)",uint16
amos_7201_0000,"(24, 576, 576)",uint8
amos_7202_0000,"(24, 256, 256)",uint8
amos_7203_0000,"(24, 256, 256)",uint8
amos_7204_0000,"(24, 288, 288)",uint8
amos_7205_0000,"(28, 320, 320)",uint16
amos_7206_0000,"(28, 320, 320)",uint16
amos_7207_0000,"(72, 290, 320)",uint16
amos_7208_0000,"(72, 290, 320)",uint16
amos_7209_0000,"(72, 290, 320)",uint16
amos_7210_0000,"(24, 256, 256)",uint8
amos_7211_0000,"(24, 224, 224)",uint8
amos_7214_0000,"(24, 256, 256)",uint8
amos_7216_0000,"(25, 224, 224)",uint8
amos_7217_0000,"(24, 256, 256)",uint8
amos_7218_0000,"(24, 288, 288)",uint8
amos_7219_0000,"(24, 352, 352)",uint8
amos_7220_0000,"(24, 320, 320)",uint8
amos_7222_0000,"(32, 1024, 1024)",uint8
amos_7223_0000,"(32, 1024, 1024)",uint8
amos_7224_0000,"(32, 1024, 1024)",uint8
amos_7225_0000,"(32, 1024, 1024)",uint8
amos_7227_0000,"(32, 512, 512)",uint8
amos_7228_0000,"(72, 240, 320)",uint16
amos_7229_0000,"(72, 240, 320)",uint16
amos_7230_0000,"(72, 240, 320)",uint16
amos_7231_0000,"(72, 240, 320)",uint16
amos_7232_0000,"(32, 512, 512)",uint8
amos_7233_0000,"(32, 480, 480)",uint8
amos_7239_0000,"(32, 512, 512)",uint8
amos_7241_0000,"(72, 260, 320)",uint16
amos_7242_0000,"(72, 260, 320)",uint16
amos_7243_0000,"(72, 260, 320)",uint16
amos_7245_0000,"(72, 260, 320)",uint16
amos_7246_0000,"(32, 1024, 1024)",uint8
amos_7247_0000,"(32, 432, 432)",uint8
amos_7248_0000,"(32, 512, 512)",uint8
amos_7251_0000,"(32, 1024, 1024)",uint8
amos_7252_0000,"(32, 1024, 1024)",uint8
amos_7253_0000,"(32, 1024, 1024)",uint8
amos_7254_0000,"(32, 1024, 1024)",uint8
amos_7257_0000,"(32, 1024, 1024)",uint8
amos_7259_0000,"(32, 512, 512)",uint8
amos_7262_0000,"(72, 260, 320)",uint16
amos_7263_0000,"(32, 1024, 1024)",uint8
amos_7265_0000,"(32, 1024, 1024)",uint8
amos_7266_0000,"(32, 1024, 1024)",uint8
amos_7267_0000,"(25, 384, 384)",uint16
amos_7268_0000,"(25, 320, 320)",uint16
amos_7269_0000,"(20, 320, 320)",uint16
amos_7270_0000,"(104, 320, 320)",uint16
amos_7271_0000,"(32, 1024, 1024)",uint8
amos_7272_0000,"(32, 1024, 1024)",uint8
amos_7273_0000,"(32, 1024, 1024)",uint8
amos_7274_0000,"(32, 1024, 1024)",uint8
amos_7275_0000,"(32, 1024, 1024)",uint8
amos_7277_0000,"(32, 432, 432)",uint8
amos_7278_0000,"(32, 1024, 1024)",uint8
amos_7279_0000,"(30, 432, 432)",uint8
amos_7280_0000,"(30, 1024, 1024)",uint8
amos_7281_0000,"(30, 512, 512)",uint8
amos_7283_0000,"(32, 1024, 1024)",uint8
amos_7284_0000,"(32, 1024, 1024)",uint8
amos_7285_0000,"(32, 1024, 1024)",uint8
amos_7288_0000,"(24, 512, 512)",uint8
amos_7290_0000,"(32, 1024, 1024)",uint8
amos_7292_0000,"(32, 1024, 1024)",uint8
amos_7295_0000,"(32, 1024, 1024)",uint8
amos_7298_0000,"(72, 260, 320)",uint16
amos_7299_0000,"(72, 260, 320)",uint16
amos_7300_0000,"(72, 260, 320)",uint16
amos_7301_0000,"(28, 320, 320)",uint16
amos_7303_0000,"(72, 290, 320)",uint16
amos_7304_0000,"(30, 448, 448)",uint8
amos_7305_0000,"(24, 1024, 1024)",uint8
amos_7306_0000,"(24, 512, 512)",uint8
amos_7307_0000,"(24, 512, 512)",uint8
amos_7309_0000,"(20, 384, 384)",uint16
amos_7310_0000,"(20, 320, 240)",uint16
amos_7311_0000,"(18, 240, 320)",uint16
amos_7312_0000,"(18, 288, 384)",uint16
amos_7313_0000,"(24, 240, 320)",uint16
amos_7316_0000,"(24, 512, 512)",uint8
amos_7317_0000,"(24, 256, 256)",uint8
amos_7320_0000,"(24, 320, 320)",uint16
amos_7321_0000,"(28, 320, 320)",uint16
amos_7322_0000,"(30, 320, 320)",uint16
amos_7325_0000,"(32, 1024, 1024)",uint8
amos_7327_0000,"(32, 432, 432)",uint8
amos_7328_0000,"(38, 240, 240)",uint8
amos_7329_0000,"(24, 256, 256)",uint8
amos_7330_0000,"(30, 256, 256)",uint8
amos_7331_0000,"(80, 256, 256)",uint8
amos_7333_0000,"(24, 512, 512)",uint8
amos_7334_0000,"(24, 560, 560)",uint8
amos_7335_0000,"(24, 480, 480)",uint8
amos_7336_0000,"(30, 400, 400)",uint8
amos_7338_0000,"(24, 432, 432)",uint8
amos_7340_0000,"(32, 1024, 1024)",uint8
amos_7343_0000,"(36, 1024, 1024)",uint8
amos_7345_0000,"(24, 1024, 1024)",uint8
amos_7347_0000,"(35, 1024, 1024)",uint8
amos_7348_0000,"(36, 1024, 1024)",uint8
amos_7349_0000,"(24, 480, 480)",uint8
amos_7350_0000,"(24, 400, 400)",uint8
amos_7351_0000,"(24, 384, 384)",uint8
amos_7352_0000,"(24, 512, 512)",uint8
amos_7353_0000,"(30, 432, 432)",uint8
amos_7355_0000,"(30, 448, 448)",uint8
amos_7356_0000,"(22, 448, 448)",uint8
amos_7358_0000,"(35, 480, 480)",uint8
amos_7359_0000,"(30, 672, 672)",uint8
amos_7361_0000,"(32, 1024, 1024)",uint8
amos_7363_0000,"(32, 1024, 1024)",uint8
amos_7365_0000,"(36, 1024, 1024)",uint8
amos_7366_0000,"(32, 1024, 1024)",uint8
amos_7368_0000,"(32, 1024, 1024)",uint8
amos_7369_0000,"(32, 1024, 1024)",uint8
amos_7370_0000,"(20, 512, 512)",uint8
amos_7371_0000,"(24, 432, 432)",uint8
amos_7372_0000,"(14, 480, 480)",uint8
amos_7373_0000,"(32, 1024, 1024)",uint8
amos_7375_0000,"(32, 1024, 1024)",uint8
amos_7376_0000,"(32, 1024, 1024)",uint8
amos_7377_0000,"(32, 1024, 1024)",uint8
amos_7378_0000,"(72, 260, 320)",uint16
amos_7382_0000,"(72, 260, 320)",uint16
amos_7383_0000,"(72, 260, 320)",uint16
amos_7385_0000,"(32, 1024, 1024)",uint8
amos_7386_0000,"(32, 1024, 1024)",uint8
amos_7388_0000,"(32, 1024, 1024)",uint8
amos_7389_0000,"(32, 1024, 1024)",uint8
amos_7390_0000,"(32, 1024, 1024)",uint8
amos_7391_0000,"(32, 1024, 1024)",uint8
amos_7392_0000,"(37, 432, 432)",uint8
amos_7393_0000,"(37, 432, 432)",uint8
amos_7394_0000,"(32, 528, 528)",uint8
amos_7395_0000,"(34, 512, 512)",uint8
amos_7399_0000,"(115, 400, 400)",uint8
amos_7401_0000,"(32, 1024, 1024)",uint8
amos_7402_0000,"(32, 1024, 1024)",uint8
amos_7404_0000,"(32, 1024, 1024)",uint8
amos_7405_0000,"(32, 1024, 1024)",uint8
amos_7406_0000,"(32, 512, 512)",uint8
amos_7408_0000,"(32, 512, 512)",uint8
amos_7409_0000,"(32, 384, 384)",uint8
amos_7410_0000,"(40, 1024, 1024)",uint8
amos_7411_0000,"(40, 1024, 1024)",uint8
amos_7412_0000,"(32, 512, 512)",uint8
amos_7413_0000,"(32, 432, 432)",uint8
amos_7414_0000,"(40, 1024, 1024)",uint8
amos_7415_0000,"(40, 1024, 1024)",uint8
amos_7418_0000,"(40, 1024, 1024)",uint8
amos_7419_0000,"(32, 512, 512)",uint8
amos_7421_0000,"(32, 1024, 1024)",uint8
amos_7422_0000,"(32, 1024, 1024)",uint8
amos_7423_0000,"(32, 1024, 1024)",uint8
amos_7424_0000,"(32, 1024, 1024)",uint8
amos_7425_0000,"(32, 1024, 1024)",uint8
amos_7427_0000,"(32, 512, 512)",uint8
amos_7428_0000,"(32, 432, 432)",uint8
amos_7429_0000,"(32, 512, 512)",uint8
amos_7432_0000,"(40, 1024, 1024)",uint8
amos_7433_0000,"(32, 640, 640)",uint8
amos_7434_0000,"(40, 1024, 1024)",uint8
amos_7436_0000,"(40, 1024, 1024)",uint8
amos_7437_0000,"(40, 1024, 1024)",uint8
amos_7439_0000,"(40, 320, 320)",uint8
amos_7440_0000,"(40, 1024, 1024)",uint8
amos_7441_0000,"(40, 1024, 1024)",uint8
amos_7443_0000,"(40, 432, 432)",uint8
amos_7445_0000,"(40, 512, 512)",uint8
amos_7446_0000,"(40, 432, 432)",uint8
amos_7448_0000,"(40, 512, 512)",uint8
amos_7449_0000,"(40, 1024, 1024)",uint8
amos_7450_0000,"(32, 1024, 1024)",uint8
amos_7451_0000,"(32, 352, 352)",uint8
amos_7452_0000,"(32, 512, 512)",uint8
amos_7453_0000,"(32, 432, 432)",uint8
amos_7454_0000,"(32, 512, 512)",uint8
amos_7456_0000,"(32, 432, 432)",uint8
amos_7457_0000,"(32, 512, 512)",uint8
amos_7459_0000,"(64, 260, 320)",uint16
amos_7460_0000,"(64, 260, 320)",uint16
amos_7461_0000,"(64, 260, 320)",uint16
amos_7463_0000,"(32, 1024, 1024)",uint8
amos_7464_0000,"(32, 512, 512)",uint8
amos_7467_0000,"(32, 1024, 1024)",uint8
amos_7468_0000,"(32, 1024, 1024)",uint8
amos_7469_0000,"(32, 1024, 1024)",uint8
amos_7470_0000,"(32, 1024, 1024)",uint8
amos_7472_0000,"(32, 1024, 1024)",uint8
amos_7474_0000,"(32, 1024, 1024)",uint8
amos_7475_0000,"(32, 1024, 1024)",uint8
amos_7476_0000,"(32, 1024, 1024)",uint8
amos_7477_0000,"(48, 352, 352)",uint8
amos_7479_0000,"(32, 1024, 1024)",uint8
amos_7480_0000,"(32, 1024, 1024)",uint8
amos_7481_0000,"(32, 1024, 1024)",uint8
amos_7482_0000,"(32, 1024, 1024)",uint8
amos_7484_0000,"(32, 1024, 1024)",uint8
amos_7485_0000,"(32, 1024, 1024)",uint8
amos_7486_0000,"(32, 1024, 1024)",uint8
amos_7487_0000,"(32, 1024, 1024)",uint8
amos_7488_0000,"(74, 432, 432)",uint8
amos_7489_0000,"(37, 432, 432)",uint8
amos_7490_0000,"(37, 432, 432)",uint8
amos_7493_0000,"(32, 1024, 1024)",uint8
amos_7495_0000,"(32, 1024, 1024)",uint8
amos_7497_0000,"(32, 1024, 1024)",uint8
amos_7498_0000,"(32, 400, 400)",uint8
amos_7499_0000,"(36, 384, 384)",uint8
amos_7502_0000,"(48, 352, 352)",uint8
amos_7503_0000,"(32, 1024, 1024)",uint8
amos_7504_0000,"(32, 400, 400)",uint8
amos_7505_0000,"(32, 1024, 1024)",uint8
amos_7506_0000,"(25, 672, 672)",uint8
amos_7507_0000,"(32, 528, 528)",uint8
amos_7508_0000,"(34, 512, 512)",uint8
amos_7509_0000,"(37, 432, 432)",uint8
amos_7510_0000,"(37, 432, 432)",uint8
amos_7513_0000,"(32, 1024, 1024)",uint8
amos_7514_0000,"(32, 1024, 1024)",uint8
amos_7516_0000,"(40, 1024, 1024)",uint8
amos_7517_0000,"(40, 1024, 1024)",uint8
amos_7518_0000,"(80, 560, 560)",uint8
amos_7519_0000,"(30, 1024, 1024)",uint8
amos_7520_0000,"(40, 1024, 1024)",uint8
amos_7521_0000,"(40, 1024, 1024)",uint8
amos_7522_0000,"(40, 1024, 1024)",uint8
amos_7523_0000,"(72, 480, 480)",uint8
amos_7524_0000,"(86, 1024, 1024)",uint8
amos_7525_0000,"(30, 704, 704)",uint8
amos_7532_0000,"(32, 1024, 1024)",uint8
amos_7534_0000,"(32, 1024, 1024)",uint8
amos_7535_0000,"(74, 432, 432)",uint8
amos_7537_0000,"(48, 352, 352)",uint8
amos_7538_0000,"(32, 384, 384)",uint8
amos_7539_0000,"(32, 1024, 1024)",uint8
amos_7540_0000,"(32, 1024, 1024)",uint8
amos_7541_0000,"(32, 1024, 1024)",uint8
amos_7543_0000,"(32, 1024, 1024)",uint8
amos_7544_0000,"(32, 1024, 1024)",uint8
amos_7546_0000,"(32, 1024, 1024)",uint8
amos_7547_0000,"(32, 1024, 1024)",uint8
amos_7549_0000,"(24, 432, 432)",uint8
amos_7550_0000,"(20, 512, 512)",uint8
amos_7551_0000,"(37, 432, 432)",uint8
amos_7552_0000,"(37, 432, 432)",uint8
amos_7557_0000,"(160, 400, 400)",uint8
amos_7559_0000,"(160, 400, 400)",uint8
amos_7561_0000,"(32, 1024, 1024)",uint8
amos_7563_0000,"(32, 1024, 1024)",uint8
amos_7564_0000,"(32, 1024, 1024)",uint8
amos_7566_0000,"(32, 1024, 1024)",uint8
amos_7567_0000,"(32, 1024, 1024)",uint8
amos_7568_0000,"(32, 1024, 1024)",uint8
amos_7569_0000,"(32, 1024, 1024)",uint8
amos_7570_0000,"(32, 1024, 1024)",uint8
amos_7572_0000,"(32, 1024, 1024)",uint8
amos_7575_0000,"(37, 432, 432)",uint8
amos_7576_0000,"(20, 512, 512)",uint8
amos_7577_0000,"(32, 528, 528)",uint8
amos_7578_0000,"(34, 512, 512)",uint8
amos_7579_0000,"(37, 432, 432)",uint8
amos_7580_0000,"(37, 432, 432)",uint8
amos_7583_0000,"(24, 512, 512)",uint8
amos_7584_0000,"(30, 256, 256)",uint8
amos_7585_0000,"(30, 512, 512)",uint8
amos_7586_0000,"(30, 672, 672)",uint8
amos_7588_0000,"(24, 512, 512)",uint8
amos_7589_0000,"(24, 384, 384)",uint8
amos_7590_0000,"(24, 1024, 1024)",uint8
amos_7591_0000,"(30, 640, 640)",uint8
amos_7592_0000,"(30, 576, 576)",uint8
amos_7594_0000,"(48, 560, 560)",uint8
amos_7595_0000,"(30, 480, 480)",uint8
amos_7596_0000,"(30, 576, 576)",uint8
amos_7598_0000,"(40, 1024, 1024)",uint8
amos_7599_0000,"(32, 512, 512)",uint8
amos_7600_0000,"(50, 1024, 1024)",uint8
amos_7602_0000,"(32, 432, 432)",uint8
amos_7603_0000,"(50, 1024, 1024)",uint8
amos_7604_0000,"(50, 1024, 1024)",uint8
amos_7606_0000,"(32, 512, 512)",uint8
amos_7609_0000,"(50, 1024, 1024)",uint8
amos_7610_0000,"(32, 1024, 1024)",uint8
amos_7611_0000,"(32, 1024, 1024)",uint8
amos_7612_0000,"(32, 1024, 1024)",uint8
amos_7613_0000,"(32, 1024, 1024)",uint8
amos_7614_0000,"(32, 1024, 1024)",uint8
amos_7615_0000,"(32, 1024, 1024)",uint8
amos_7617_0000,"(32, 352, 352)",uint8
amos_7618_0000,"(32, 1024, 1024)",uint8
amos_7619_0000,"(25, 512, 512)",uint8
amos_7620_0000,"(50, 320, 320)",uint8
amos_7621_0000,"(32, 432, 432)",uint8
amos_7624_0000,"(115, 400, 400)",uint8
amos_7625_0000,"(115, 400, 400)",uint8
amos_7627_0000,"(60, 1024, 1024)",uint8
amos_7628_0000,"(32, 432, 432)",uint8
amos_7632_0000,"(60, 1024, 1024)",uint8
amos_7633_0000,"(32, 512, 512)",uint8
amos_7634_0000,"(60, 1024, 1024)",uint8
amos_7635_0000,"(32, 512, 512)",uint8
amos_7637_0000,"(60, 1024, 1024)",uint8
amos_7639_0000,"(32, 1024, 1024)",uint8
amos_7640_0000,"(32, 1024, 1024)",uint8
amos_7641_0000,"(25, 512, 512)",uint8
amos_7642_0000,"(32, 512, 512)",uint8
amos_7643_0000,"(30, 432, 432)",uint8
amos_7645_0000,"(32, 512, 512)",uint8
amos_7646_0000,"(32, 432, 432)",uint8
amos_7647_0000,"(32, 512, 512)",uint8
amos_7649_0000,"(32, 1024, 1024)",uint8
amos_7650_0000,"(64, 432, 432)",uint8
amos_7651_0000,"(32, 1024, 1024)",uint8
amos_7652_0000,"(32, 1024, 1024)",uint8
amos_7653_0000,"(32, 1024, 1024)",uint8
amos_7654_0000,"(32, 432, 432)",uint8
amos_7655_0000,"(32, 432, 432)",uint8
amos_7656_0000,"(32, 432, 432)",uint8
amos_7658_0000,"(25, 480, 480)",uint8
amos_7659_0000,"(25, 640, 640)",uint8
amos_7660_0000,"(32, 432, 432)",uint8
amos_7661_0000,"(32, 1024, 1024)",uint8
amos_7662_0000,"(32, 1024, 1024)",uint8
amos_7663_0000,"(25, 512, 512)",uint8
amos_7664_0000,"(35, 384, 384)",uint8
amos_7665_0000,"(35, 448, 448)",uint8
amos_7667_0000,"(35, 352, 352)",uint8
amos_7668_0000,"(32, 512, 512)",uint8
amos_7669_0000,"(32, 432, 432)",uint8
amos_7672_0000,"(32, 1024, 1024)",uint8
amos_7673_0000,"(32, 1024, 1024)",uint8
amos_7674_0000,"(28, 512, 512)",uint8
amos_7675_0000,"(32, 1024, 1024)",uint8
amos_7676_0000,"(32, 512, 512)",uint8
amos_7678_0000,"(30, 384, 384)",uint8
amos_7679_0000,"(25, 576, 576)",uint8
amos_7680_0000,"(30, 432, 432)",uint8
amos_7682_0000,"(32, 1024, 1024)",uint8
amos_7683_0000,"(25, 560, 560)",uint8
amos_7684_0000,"(32, 432, 432)",uint8
amos_7685_0000,"(28, 448, 448)",uint8
amos_7687_0000,"(20, 448, 448)",uint8
amos_7688_0000,"(24, 448, 448)",uint8
amos_7690_0000,"(24, 480, 480)",uint8
amos_7691_0000,"(32, 1024, 1024)",uint8
amos_7692_0000,"(32, 1024, 1024)",uint8
amos_7693_0000,"(25, 448, 448)",uint8
amos_7694_0000,"(32, 512, 512)",uint8
amos_7695_0000,"(30, 432, 432)",uint8
amos_7697_0000,"(30, 384, 384)",uint8
amos_7700_0000,"(32, 1024, 1024)",uint8
amos_7701_0000,"(32, 1024, 1024)",uint8
amos_7702_0000,"(32, 1024, 1024)",uint8
amos_7703_0000,"(48, 480, 480)",uint8
amos_7705_0000,"(48, 400, 400)",uint8
amos_7708_0000,"(32, 640, 640)",uint8
amos_7709_0000,"(24, 384, 384)",uint8
amos_7711_0000,"(40, 1024, 1024)",uint8
amos_7712_0000,"(40, 1024, 1024)",uint8
amos_7713_0000,"(48, 1024, 1024)",uint8
amos_7714_0000,"(40, 1024, 1024)",uint8
amos_7715_0000,"(40, 1024, 1024)",uint8
amos_7717_0000,"(30, 704, 704)",uint8
amos_7719_0000,"(85, 384, 384)",uint8
amos_7720_0000,"(18, 320, 320)",uint16
amos_7721_0000,"(30, 320, 320)",uint16
amos_7723_0000,"(72, 260, 320)",uint16
amos_7724_0000,"(25, 384, 384)",uint16
amos_7725_0000,"(27, 320, 320)",uint16
amos_7726_0000,"(27, 240, 320)",uint16
amos_7729_0000,"(72, 260, 320)",uint16
amos_7730_0000,"(28, 448, 448)",uint8
amos_7732_0000,"(24, 432, 432)",uint8
amos_7733_0000,"(28, 448, 448)",uint8
amos_7734_0000,"(20, 512, 512)",uint8
amos_7735_0000,"(35, 320, 320)",uint16
amos_7737_0000,"(24, 320, 320)",uint16
amos_7738_0000,"(72, 260, 320)",uint16
amos_7739_0000,"(22, 384, 384)",uint16
amos_7741_0000,"(26, 256, 256)",uint16
amos_7742_0000,"(30, 320, 320)",uint16
amos_7743_0000,"(28, 320, 320)",uint16
amos_7744_0000,"(72, 260, 320)",uint16
amos_7747_0000,"(72, 260, 320)",uint16
amos_7748_0000,"(72, 260, 320)",uint16
amos_7749_0000,"(72, 260, 320)",uint16
amos_7750_0000,"(72, 260, 320)",uint16
amos_7751_0000,"(72, 260, 320)",uint16
amos_7754_0000,"(32, 1024, 1024)",uint8
amos_7755_0000,"(32, 1024, 1024)",uint8
amos_7756_0000,"(32, 1024, 1024)",uint8
amos_7757_0000,"(32, 1024, 1024)",uint8
amos_7758_0000,"(48, 352, 352)",uint8
amos_7759_0000,"(32, 1024, 1024)",uint8
amos_7761_0000,"(32, 1024, 1024)",uint8
amos_7762_0000,"(37, 432, 432)",uint8
amos_7764_0000,"(32, 1024, 1024)",uint8
amos_7765_0000,"(32, 1024, 1024)",uint8
amos_7766_0000,"(32, 1024, 1024)",uint8
amos_7767_0000,"(25, 672, 672)",uint8
amos_7768_0000,"(34, 512, 512)",uint8
amos_7769_0000,"(32, 1024, 1024)",uint8
amos_7770_0000,"(25, 480, 480)",uint8
amos_7771_0000,"(24, 448, 448)",uint8
amos_7772_0000,"(24, 432, 432)",uint8
amos_7773_0000,"(28, 448, 448)",uint8
amos_7775_0000,"(28, 512, 512)",uint8
amos_7777_0000,"(115, 400, 400)",uint8
amos_7778_0000,"(115, 400, 400)",uint8
amos_7779_0000,"(32, 1024, 1024)",uint8
amos_7780_0000,"(32, 1024, 1024)",uint8
amos_7781_0000,"(28, 448, 448)",uint8
amos_7786_0000,"(32, 1024, 1024)",uint8
amos_7787_0000,"(32, 1024, 1024)",uint8
amos_7788_0000,"(32, 1024, 1024)",uint8
amos_7790_0000,"(32, 1024, 1024)",uint8
amos_7791_0000,"(24, 432, 432)",uint8
amos_7792_0000,"(28, 448, 448)",uint8
amos_7794_0000,"(28, 512, 512)",uint8
amos_7795_0000,"(40, 1024, 1024)",uint8
amos_7796_0000,"(40, 1024, 1024)",uint8
amos_7797_0000,"(40, 1024, 1024)",uint8
amos_7798_0000,"(40, 1024, 1024)",uint8
amos_7800_0000,"(36, 672, 672)",uint8
amos_7802_0000,"(40, 512, 512)",uint8
amos_7803_0000,"(25, 512, 512)",uint8
amos_7804_0000,"(35, 512, 512)",uint8
amos_7805_0000,"(35, 432, 432)",uint8
amos_7807_0000,"(32, 432, 432)",uint8
amos_7808_0000,"(28, 448, 448)",uint8
amos_7810_0000,"(32, 512, 512)",uint8
amos_7811_0000,"(30, 432, 432)",uint8
amos_7814_0000,"(115, 400, 400)",uint8
amos_7815_0000,"(115, 400, 400)",uint8
amos_7816_0000,"(30, 528, 528)",uint8
amos_7817_0000,"(28, 512, 512)",uint8
amos_7818_0000,"(28, 512, 512)",uint8
amos_7820_0000,"(28, 384, 384)",uint8
amos_7821_0000,"(72, 512, 512)",uint8
amos_7822_0000,"(30, 1024, 1024)",uint8
amos_7823_0000,"(30, 1024, 1024)",uint8
amos_7824_0000,"(70, 1024, 1024)",uint8
amos_7825_0000,"(25, 640, 640)",uint8
amos_7826_0000,"(72, 432, 432)",uint8
amos_7827_0000,"(36, 512, 512)",uint8
amos_7828_0000,"(36, 512, 512)",uint8
amos_7829_0000,"(36, 432, 432)",uint8
amos_7830_0000,"(36, 432, 432)",uint8
amos_7833_0000,"(24, 432, 432)",uint8
amos_7834_0000,"(30, 448, 448)",uint8
amos_7836_0000,"(28, 512, 512)",uint8
amos_7837_0000,"(115, 400, 400)",uint8
amos_7838_0000,"(115, 400, 400)",uint8
amos_7839_0000,"(115, 400, 400)",uint8
amos_7840_0000,"(36, 432, 432)",uint8
amos_7841_0000,"(36, 448, 448)",uint8
amos_7844_0000,"(70, 320, 320)",uint8
amos_7845_0000,"(36, 512, 512)",uint8
amos_7846_0000,"(32, 400, 400)",uint8
amos_7847_0000,"(32, 1024, 1024)",uint8
amos_7848_0000,"(32, 1024, 1024)",uint8
amos_7849_0000,"(32, 1024, 1024)",uint8
amos_7850_0000,"(32, 1024, 1024)",uint8
amos_7851_0000,"(32, 1024, 1024)",uint8
amos_7852_0000,"(32, 352, 352)",uint8
amos_7853_0000,"(25, 512, 512)",uint8
amos_7854_0000,"(32, 512, 512)",uint8
amos_7855_0000,"(32, 432, 432)",uint8
amos_7859_0000,"(115, 400, 400)",uint8
amos_7860_0000,"(115, 400, 400)",uint8
amos_7861_0000,"(35, 384, 384)",uint8
amos_7862_0000,"(35, 352, 352)",uint8
amos_7863_0000,"(20, 512, 512)",uint8
amos_7864_0000,"(32, 528, 528)",uint8
amos_7865_0000,"(32, 512, 512)",uint8
amos_7866_0000,"(35, 432, 432)",uint8
amos_7867_0000,"(35, 432, 432)",uint8
amos_7871_0000,"(115, 400, 400)",uint8
amos_7872_0000,"(115, 400, 400)",uint8
amos_7873_0000,"(24, 1024, 1024)",uint8
amos_7874_0000,"(36, 256, 256)",uint8
amos_7875_0000,"(36, 256, 256)",uint8
amos_7876_0000,"(24, 1024, 1024)",uint8
amos_7878_0000,"(24, 480, 480)",uint8
amos_7880_0000,"(32, 528, 528)",uint8
amos_7882_0000,"(36, 480, 480)",uint8
amos_7883_0000,"(25, 512, 512)",uint8
amos_7884_0000,"(32, 512, 512)",uint8
amos_7885_0000,"(30, 432, 432)",uint8
amos_7887_0000,"(40, 1024, 1024)",uint8
amos_7889_0000,"(40, 1024, 1024)",uint8
amos_7892_0000,"(40, 1024, 1024)",uint8
amos_7893_0000,"(32, 512, 512)",uint8
amos_7895_0000,"(25, 672, 672)",uint8
amos_7896_0000,"(35, 1024, 1024)",uint8
amos_7897_0000,"(35, 1024, 1024)",uint8
amos_7899_0000,"(25, 528, 528)",uint8
amos_7900_0000,"(32, 512, 512)",uint8
amos_7901_0000,"(32, 400, 400)",uint8
amos_7903_0000,"(32, 1024, 1024)",uint8
amos_7904_0000,"(36, 384, 384)",uint8
amos_7905_0000,"(32, 1024, 1024)",uint8
amos_7906_0000,"(25, 512, 512)",uint8
amos_7907_0000,"(36, 512, 512)",uint8
amos_7908_0000,"(36, 432, 432)",uint8
amos_7910_0000,"(36, 384, 384)",uint8
amos_7912_0000,"(32, 1024, 1024)",uint8
amos_7913_0000,"(32, 1024, 1024)",uint8
amos_7914_0000,"(32, 1024, 1024)",uint8
amos_7915_0000,"(32, 1024, 1024)",uint8
amos_7916_0000,"(32, 1024, 1024)",uint8
amos_7917_0000,"(32, 1024, 1024)",uint8
amos_7918_0000,"(28, 384, 384)",uint8
amos_7919_0000,"(21, 384, 384)",uint8
amos_7920_0000,"(30, 448, 448)",uint8
amos_7922_0000,"(50, 320, 320)",uint8
amos_7923_0000,"(28, 512, 512)",uint8
amos_7924_0000,"(28, 384, 384)",uint8
amos_7925_0000,"(28, 448, 448)",uint8
amos_7928_0000,"(24, 448, 448)",uint8
amos_7929_0000,"(28, 512, 512)",uint8
amos_7930_0000,"(115, 400, 400)",uint8
amos_7931_0000,"(115, 400, 400)",uint8
amos_7932_0000,"(115, 400, 400)",uint8
amos_7933_0000,"(115, 400, 400)",uint8
amos_7934_0000,"(115, 400, 400)",uint8
amos_7935_0000,"(28, 352, 352)",uint8
amos_7936_0000,"(20, 480, 480)",uint8
amos_7937_0000,"(28, 480, 480)",uint8
amos_7938_0000,"(28, 512, 512)",uint8
amos_7939_0000,"(32, 672, 672)",uint8
amos_7940_0000,"(32, 432, 432)",uint8
amos_7941_0000,"(40, 432, 432)",uint8
amos_7942_0000,"(32, 512, 512)",uint8
amos_7944_0000,"(85, 336, 336)",uint8
amos_7946_0000,"(85, 336, 336)",uint8
amos_7947_0000,"(40, 512, 512)",uint8
amos_7949_0000,"(85, 336, 336)",uint8
amos_7950_0000,"(85, 336, 336)",uint8
amos_7951_0000,"(85, 336, 336)",uint8
amos_7952_0000,"(85, 336, 336)",uint8
amos_7953_0000,"(85, 336, 336)",uint8
amos_7954_0000,"(85, 336, 336)",uint8
amos_7955_0000,"(85, 336, 336)",uint8
amos_7957_0000,"(25, 432, 432)",uint8
amos_7960_0000,"(28, 432, 432)",uint8
amos_7963_0000,"(25, 432, 432)",uint8
amos_7966_0000,"(35, 432, 432)",uint8
amos_7967_0000,"(48, 352, 352)",uint8
amos_7968_0000,"(48, 1024, 1024)",uint8
amos_7969_0000,"(48, 1024, 1024)",uint8
amos_7970_0000,"(70, 1024, 1024)",uint8
amos_7971_0000,"(35, 1024, 1024)",uint8
amos_7972_0000,"(84, 560, 560)",uint8
amos_7973_0000,"(43, 1024, 1024)",uint8
amos_7974_0000,"(43, 1024, 1024)",uint8
amos_7975_0000,"(30, 704, 704)",uint8
amos_7978_0000,"(94, 1024, 1024)",uint8
amos_7979_0000,"(48, 352, 352)",uint8
amos_7981_0000,"(30, 1024, 1024)",uint8
amos_7982_0000,"(30, 432, 432)",uint8
amos_7984_0000,"(32, 432, 432)",uint8
amos_7985_0000,"(32, 1024, 1024)",uint8
amos_7986_0000,"(28, 512, 512)",uint8
amos_7987_0000,"(60, 1024, 1024)",uint8
amos_7988_0000,"(32, 1024, 1024)",uint8
amos_7989_0000,"(32, 1024, 1024)",uint8
amos_7990_0000,"(32, 512, 512)",uint8
amos_7994_0000,"(32, 1024, 1024)",uint8
amos_7995_0000,"(32, 1024, 1024)",uint8
amos_7996_0000,"(32, 1024, 1024)",uint8
amos_7997_0000,"(32, 1024, 1024)",uint8
amos_7998_0000,"(25, 512, 512)",uint8
amos_7999_0000,"(32, 512, 512)",uint8
amos_8000_0000,"(32, 432, 432)",uint8
amos_8003_0000,"(115, 400, 400)",uint8
amos_8007_0000,"(25, 432, 432)",uint8
amos_8008_0000,"(28, 432, 432)",uint8
amos_8010_0000,"(28, 512, 512)",uint8
amos_8011_0000,"(32, 1024, 1024)",uint8
amos_8012_0000,"(32, 512, 512)",uint8
amos_8013_0000,"(32, 1024, 1024)",uint8
amos_8014_0000,"(32, 1024, 1024)",uint8
amos_8015_0000,"(32, 432, 432)",uint8
amos_8017_0000,"(32, 1024, 1024)",uint8
amos_8018_0000,"(32, 512, 512)",uint8
amos_8021_0000,"(32, 1024, 1024)",uint8
amos_8022_0000,"(28, 512, 512)",uint8
amos_8023_0000,"(32, 512, 512)",uint8
amos_8029_0000,"(32, 432, 432)",uint8
amos_8031_0000,"(32, 1024, 1024)",uint8
amos_8032_0000,"(32, 1024, 1024)",uint8
amos_8033_0000,"(35, 384, 384)",uint8
amos_8036_0000,"(115, 400, 400)",uint8
amos_8037_0000,"(100, 400, 400)",uint8
amos_8038_0000,"(115, 400, 400)",uint8
amos_8039_0000,"(28, 384, 384)",uint8
amos_8040_0000,"(28, 448, 448)",uint8
amos_8041_0000,"(28, 512, 512)",uint8
amos_8042_0000,"(32, 512, 512)",uint8
amos_8043_0000,"(36, 1024, 1024)",uint8
amos_8044_0000,"(32, 512, 512)",uint8
amos_8045_0000,"(32, 432, 432)",uint8
amos_8048_0000,"(30, 560, 560)",uint8
amos_8050_0000,"(30, 512, 512)",uint8
amos_8052_0000,"(28, 384, 384)",uint8
amos_8053_0000,"(25, 432, 432)",uint8
amos_8054_0000,"(28, 512, 512)",uint8
amos_8055_0000,"(28, 432, 432)",uint8
amos_8057_0000,"(37, 432, 432)",uint8
amos_8058_0000,"(37, 432, 432)",uint8
amos_8060_0000,"(32, 1024, 1024)",uint8
amos_8061_0000,"(32, 1024, 1024)",uint8
amos_8062_0000,"(32, 1024, 1024)",uint8
amos_8063_0000,"(32, 1024, 1024)",uint8
amos_8064_0000,"(34, 512, 512)",uint8
amos_8065_0000,"(37, 432, 432)",uint8
amos_8066_0000,"(32, 1024, 1024)",uint8
amos_8067_0000,"(42, 432, 432)",uint8
amos_8068_0000,"(42, 512, 512)",uint8
amos_8071_0000,"(85, 384, 384)",uint8
amos_8072_0000,"(85, 400, 400)",uint8
amos_8073_0000,"(30, 640, 640)",uint8
amos_8074_0000,"(32, 352, 352)",uint8
amos_8075_0000,"(32, 432, 432)",uint8
amos_8076_0000,"(30, 640, 640)",uint8
amos_8077_0000,"(32, 512, 512)",uint8
amos_8078_0000,"(32, 432, 432)",uint8
amos_8081_0000,"(80, 1024, 1024)",uint8
amos_8083_0000,"(42, 352, 352)",uint8
amos_8084_0000,"(24, 432, 432)",uint8
amos_8085_0000,"(32, 528, 528)",uint8
amos_8086_0000,"(34, 432, 432)",uint8
amos_8087_0000,"(37, 432, 432)",uint8
amos_8088_0000,"(32, 528, 528)",uint8
amos_8093_0000,"(100, 400, 400)",uint8
amos_8094_0000,"(20, 320, 320)",uint16
amos_8095_0000,"(27, 320, 320)",uint16
amos_8098_0000,"(64, 260, 320)",uint16
amos_8099_0000,"(64, 260, 320)",uint16
amos_8100_0000,"(32, 1024, 1024)",uint8
amos_8101_0000,"(30, 384, 384)",uint8
amos_8102_0000,"(32, 1024, 1024)",uint8
amos_8103_0000,"(25, 512, 512)",uint8
amos_8104_0000,"(32, 1024, 1024)",uint8
amos_8105_0000,"(25, 432, 432)",uint8
amos_8106_0000,"(36, 432, 432)",uint8
amos_8107_0000,"(36, 1024, 1024)",uint8
amos_8108_0000,"(32, 1024, 1024)",uint8
amos_8109_0000,"(32, 1024, 1024)",uint8
amos_8110_0000,"(42, 384, 384)",uint8
amos_8111_0000,"(32, 1024, 1024)",uint8
amos_8112_0000,"(32, 1024, 1024)",uint8
amos_8113_0000,"(32, 1024, 1024)",uint8
amos_8114_0000,"(32, 1024, 1024)",uint8
amos_8115_0000,"(25, 512, 512)",uint8
amos_8116_0000,"(42, 512, 512)",uint8
amos_8119_0000,"(32, 1024, 1024)",uint8
amos_8120_0000,"(32, 1024, 1024)",uint8
amos_8121_0000,"(32, 1024, 1024)",uint8
amos_8122_0000,"(28, 384, 384)",uint8
amos_8123_0000,"(32, 1024, 1024)",uint8
amos_8124_0000,"(32, 1024, 1024)",uint8
amos_8125_0000,"(24, 432, 432)",uint8
amos_8126_0000,"(28, 448, 448)",uint8
amos_8127_0000,"(28, 512, 512)",uint8
amos_8128_0000,"(25, 528, 528)",uint8
amos_8129_0000,"(32, 512, 512)",uint8
amos_8130_0000,"(32, 432, 432)",uint8
amos_8132_0000,"(32, 1024, 1024)",uint8
amos_8133_0000,"(40, 432, 432)",uint8
amos_8134_0000,"(32, 672, 672)",uint8
amos_8135_0000,"(40, 512, 512)",uint8
amos_8137_0000,"(85, 336, 336)",uint8
amos_8138_0000,"(40, 512, 512)",uint8
amos_8142_0000,"(85, 336, 336)",uint8
amos_8143_0000,"(85, 336, 336)",uint8
amos_8145_0000,"(85, 336, 336)",uint8
amos_8146_0000,"(85, 336, 336)",uint8
amos_8147_0000,"(40, 432, 432)",uint8
amos_8152_0000,"(36, 384, 384)",uint8
amos_8153_0000,"(37, 432, 432)",uint8
amos_8154_0000,"(32, 1024, 1024)",uint8
amos_8155_0000,"(48, 352, 352)",uint8
amos_8157_0000,"(32, 1024, 1024)",uint8
amos_8158_0000,"(37, 432, 432)",uint8
amos_8159_0000,"(32, 1024, 1024)",uint8
amos_8162_0000,"(25, 672, 672)",uint8
amos_8163_0000,"(32, 528, 528)",uint8
amos_8164_0000,"(34, 512, 512)",uint8
amos_8168_0000,"(115, 400, 400)",uint8
amos_8169_0000,"(100, 400, 400)",uint8
amos_8170_0000,"(24, 432, 432)",uint8
amos_8171_0000,"(28, 448, 448)",uint8
amos_8172_0000,"(4, 432, 432)",uint8
amos_8173_0000,"(24, 432, 432)",uint8
amos_8174_0000,"(28, 512, 512)",uint8
amos_8175_0000,"(22, 320, 320)",uint16
amos_8176_0000,"(26, 320, 320)",uint16
amos_8181_0000,"(28, 384, 384)",uint8
amos_8182_0000,"(28, 432, 432)",uint8
amos_8183_0000,"(28, 448, 448)",uint8
amos_8185_0000,"(28, 512, 512)",uint8
amos_8187_0000,"(32, 1024, 1024)",uint8
amos_8188_0000,"(32, 1024, 1024)",uint8
amos_8189_0000,"(32, 1024, 1024)",uint8
amos_8192_0000,"(32, 1024, 1024)",uint8
amos_8193_0000,"(32, 1024, 1024)",uint8
amos_8194_0000,"(32, 1024, 1024)",uint8
amos_8195_0000,"(32, 1024, 1024)",uint8
amos_8196_0000,"(35, 512, 512)",uint8
amos_8197_0000,"(35, 432, 432)",uint8
amos_8199_0000,"(30, 512, 512)",uint8
